STATUS	CODE	BYTES	URL	TYPE
HAVE	200	4831	https://assets.itsoffbrand.io/lando/rive/btn-ui.riv	
HAVE	200	37332	https://assets.itsoffbrand.io/lando/rive/circuits.riv	
HAVE	200	4457	https://assets.itsoffbrand.io/lando/rive/ln4.riv	
HAVE	200	53514	https://assets.itsoffbrand.io/lando/rive/mob-landscape.riv	
HAVE	200	69342	https://assets.itsoffbrand.io/lando/rive/phrases.riv	
HAVE	200	73353	https://assets.itsoffbrand.io/lando/rive/reef.riv	
HAVE	200	31545	https://assets.itsoffbrand.io/lando/rive/signature.riv	
HAVE	200	2076	https://cdn.iubenda.com/iubenda_badge.css	text/css
HAVE	200	7269	https://cdn.iubenda.com/iubenda.js	application/javascript
HAVE	200	867	https://cdn.prod.website-files.com/67b5a02dc5d338960b17a7e9/67b5a0969616f526f020ec0e_ln-favicon.png	image/png
HAVE	200	23859	https://cdn.prod.website-files.com/67b5a02dc5d338960b17a7e9/67b6113a220f85ad6497495a_Brier-Bold.woff2	font/woff2
HAVE	200	167964	https://cdn.prod.website-files.com/67b5a02dc5d338960b17a7e9/67bc6274c5b4108b123aa4d5_MonaSans-VariableFont_wdth%2Cwght.woff2	font/woff2
HAVE	200	5319	https://cdn.prod.website-files.com/67b5a02dc5d338960b17a7e9/67cecea4e9d311047dcb51e5_ln4-hw-signature2.svg	image/svg+xml
HAVE	200	7385	https://cdn.prod.website-files.com/67b5a02dc5d338960b17a7e9/67d0350ea945b9600438ac76_ln-icon-crossed-flags.svg	image/svg+xml
HAVE	200	42651	https://cdn.prod.website-files.com/67b5a02dc5d338960b17a7e9/67d037f8b05ff4dd37b33e66_ln4-home-scroll-offt-img5.webp	image/webp
HAVE	200	102343	https://cdn.prod.website-files.com/67b5a02dc5d338960b17a7e9/67d18655b032045a4dc78e53_ln4-hp-lando-helmet.webp	image/webp
HAVE	200	143845	https://cdn.prod.website-files.com/67b5a02dc5d338960b17a7e9/67d18655b032045a4dc78e56_ln4-hp-lando-head-p-800.webp	image/webp
HAVE	200	172822	https://cdn.prod.website-files.com/67b5a02dc5d338960b17a7e9/67d18655b032045a4dc78e56_ln4-hp-lando-head.webp	image/webp
HAVE	200	66003	https://cdn.prod.website-files.com/67b5a02dc5d338960b17a7e9/67d19dded0cc2582410c1ae5_ln4-otot-home-end-img-p-800.webp	image/webp
HAVE	200	593	https://cdn.prod.website-files.com/67b5a02dc5d338960b17a7e9/67d2dd47cfe84bed1dce9542_ln4-footer-mask-desktop.svg	image/svg+xml
HAVE	200	11293	https://cdn.prod.website-files.com/67b5a02dc5d338960b17a7e9/67d33eb40292f3a5fef32ed3_ln4-footer-logo-add-c.svg	image/svg+xml
HAVE	200	7888	https://cdn.prod.website-files.com/67b5a02dc5d338960b17a7e9/67d4349e00e6b7904f3746a3_ln4-ln4-collab-logo-ralph.svg	image/svg+xml
HAVE	200	6545	https://cdn.prod.website-files.com/67b5a02dc5d338960b17a7e9/67d435767c599270fb721513_ln4-ln4-collab-logo-mind.svg	image/svg+xml
HAVE	200	50798	https://cdn.prod.website-files.com/67b5a02dc5d338960b17a7e9/67d43d6e276c436a378a1da6_ln-360-helm-1-p-800.webp	image/webp
HAVE	200	115310	https://cdn.prod.website-files.com/67b5a02dc5d338960b17a7e9/67d43d6e276c436a378a1da6_ln-360-helm-1.webp	image/webp
HAVE	200	816	https://cdn.prod.website-files.com/67b5a02dc5d338960b17a7e9/67d847cd483aba2443c36b45_ln4-flag-UK.svg	image/svg+xml
HAVE	200	1459	https://cdn.prod.website-files.com/67b5a02dc5d338960b17a7e9/67d847cd592531828bd88498_ln4-flag-Australia.svg	image/svg+xml
HAVE	200	20942	https://cdn.prod.website-files.com/67b5a02dc5d338960b17a7e9/67d864ec2ce7efa1414e36a6_ln4-ui-pattern.webp	image/webp
HAVE	200	415	https://cdn.prod.website-files.com/67b5a02dc5d338960b17a7e9/67d86a1dced2fe748052517c_on-t-hero-stats-ui-box1-fill-c.svg	image/svg+xml
HAVE	200	56911	https://cdn.prod.website-files.com/67b5a02dc5d338960b17a7e9/67d955eda1a903a8a63754a7_ln4-on-track-scroll-img5.webp	image/webp
HAVE	200	38596	https://cdn.prod.website-files.com/67b5a02dc5d338960b17a7e9/67d955edd4de2eb118421e59_ln4-on-track-scroll-img3-p-800.webp	image/webp
HAVE	200	52409	https://cdn.prod.website-files.com/67b5a02dc5d338960b17a7e9/67d95625da39dd4f8ef7dce7_ln4-on-track-scroll-img4.webp	image/webp
HAVE	200	43987	https://cdn.prod.website-files.com/67b5a02dc5d338960b17a7e9/67d963fb414eee985ba72cb6_pre-f1-car-img-p-800.webp	image/webp
HAVE	200	590	https://cdn.prod.website-files.com/67b5a02dc5d338960b17a7e9/67d9a2eb367e13f117c827e5_ln-calendar-track-mask.svg	image/svg+xml
HAVE	200	768	https://cdn.prod.website-files.com/67b5a02dc5d338960b17a7e9/67d9a787cb8c1b228ddf54f9_ln-calendar-track-frame-segment.svg	image/svg+xml
HAVE	200	631	https://cdn.prod.website-files.com/67b5a02dc5d338960b17a7e9/67daf55e8e952bf4d31414e7_ln4-list-track-bg.svg	image/svg+xml
HAVE	200	3434	https://cdn.prod.website-files.com/67b5a02dc5d338960b17a7e9/67dbeba158707fa1cd5e5e45_blobs_footer_1.svg	image/svg+xml
HAVE	200	98699	https://cdn.prod.website-files.com/67b5a02dc5d338960b17a7e9/67dc366b25025ea1a39995c4_ln4-off-t-hero-img.webp	image/webp
HAVE	200	193467	https://cdn.prod.website-files.com/67b5a02dc5d338960b17a7e9/67dec61999f418db1d2df02a_img_5.webp	image/webp
HAVE	200	171191	https://cdn.prod.website-files.com/67b5a02dc5d338960b17a7e9/67dec619a31cea90cb209f0f_img_3.webp	image/webp
HAVE	200	72816	https://cdn.prod.website-files.com/67b5a02dc5d338960b17a7e9/67dec619b9bcdeb6007ab6ba_img_2.webp	image/webp
HAVE	200	98040	https://cdn.prod.website-files.com/67b5a02dc5d338960b17a7e9/67dec619f04087548a886340_img_1.webp	image/webp
HAVE	200	84081	https://cdn.prod.website-files.com/67b5a02dc5d338960b17a7e9/67dec619f8cbb0251a481918_img_4.webp	image/webp
HAVE	200	496	https://cdn.prod.website-files.com/67b5a02dc5d338960b17a7e9/67e2c781c4c953cd9e74eda5_ln4-2-helm-mask-fill.svg	image/svg+xml
HAVE	200	508	https://cdn.prod.website-files.com/67b5a02dc5d338960b17a7e9/67e4213817c888515fa4855b_ln4-footer-mask-mobile.svg	image/svg+xml
HAVE	200	670	https://cdn.prod.website-files.com/67b5a02dc5d338960b17a7e9/67e446142a7000c477c6e943_ln4-track-vis-mobile-bottom.svg	image/svg+xml
HAVE	200	674	https://cdn.prod.website-files.com/67b5a02dc5d338960b17a7e9/67e44614d20fa1a0842c69b8_ln4-track-vis-mobile-middle.svg	image/svg+xml
HAVE	200	660	https://cdn.prod.website-files.com/67b5a02dc5d338960b17a7e9/67e44614d20fa1a0842c69bc_ln4-track-vis-mobile-top.svg	image/svg+xml
HAVE	200	15520	https://cdn.prod.website-files.com/67b5a02dc5d338960b17a7e9/67e6f5a320344c1a7fbe5bf8_ln4-off-t-h-img-9.webp	image/webp
HAVE	200	21867	https://cdn.prod.website-files.com/67b5a02dc5d338960b17a7e9/67e6f5a3449c4f2b5e4c5485_ln4-off-t-h-img-12.webp	image/webp
HAVE	200	48832	https://cdn.prod.website-files.com/67b5a02dc5d338960b17a7e9/67e6f5a359ef1f3a44ffda8f_ln4-off-t-h-img-11-p-800.webp	image/webp
HAVE	200	99429	https://cdn.prod.website-files.com/67b5a02dc5d338960b17a7e9/67e6f5a359ef1f3a44ffda8f_ln4-off-t-h-img-11.webp	image/webp
HAVE	200	60061	https://cdn.prod.website-files.com/67b5a02dc5d338960b17a7e9/67e6f5a36049bceca35ec211_ln4-off-t-h-img-5-p-800.webp	image/webp
HAVE	200	126751	https://cdn.prod.website-files.com/67b5a02dc5d338960b17a7e9/67e6f5a36049bceca35ec211_ln4-off-t-h-img-5.webp	image/webp
HAVE	200	34413	https://cdn.prod.website-files.com/67b5a02dc5d338960b17a7e9/67e6f5a360724be28b58ddef_ln4-off-t-h-img-4.webp	image/webp
HAVE	200	31929	https://cdn.prod.website-files.com/67b5a02dc5d338960b17a7e9/67e6f5a36cf95bb6c26af86b_ln4-off-t-h-img-1-p-800.webp	image/webp
HAVE	200	38702	https://cdn.prod.website-files.com/67b5a02dc5d338960b17a7e9/67e6f5a36cf95bb6c26af86b_ln4-off-t-h-img-1.webp	image/webp
HAVE	200	12097	https://cdn.prod.website-files.com/67b5a02dc5d338960b17a7e9/67e6f5a3970315c5825bfa92_ln4-off-t-h-img-3.webp	image/webp
HAVE	200	15186	https://cdn.prod.website-files.com/67b5a02dc5d338960b17a7e9/67e6f5a3970315c5825bfab8_ln4-off-t-h-img-8-p-800.webp	image/webp
HAVE	200	23243	https://cdn.prod.website-files.com/67b5a02dc5d338960b17a7e9/67e6f5a3b5e49e3f051e3b0d_ln4-off-t-h-img-2-p-800.webp	image/webp
HAVE	200	43869	https://cdn.prod.website-files.com/67b5a02dc5d338960b17a7e9/67e6f5a3b5e49e3f051e3b0d_ln4-off-t-h-img-2.webp	image/webp
HAVE	200	18374	https://cdn.prod.website-files.com/67b5a02dc5d338960b17a7e9/67e6f5a3e187ff113d7357b7_ln4-off-t-h-img-10.webp	image/webp
HAVE	200	19802	https://cdn.prod.website-files.com/67b5a02dc5d338960b17a7e9/67e6f5a3f04ccc44a7983593_ln4-off-t-h-img-13.webp	image/webp
HAVE	200	24283	https://cdn.prod.website-files.com/67b5a02dc5d338960b17a7e9/67e6f5a3f3044cc93bd6d180_ln4-off-t-h-img-6.webp	image/webp
HAVE	200	36842	https://cdn.prod.website-files.com/67b5a02dc5d338960b17a7e9/67e6f5a3f3044cc93bd6d190_ln4-off-t-h-img-7.webp	image/webp
HAVE	200	4060	https://cdn.prod.website-files.com/67b5a02dc5d338960b17a7e9/67e7eeaf67d51519b546828d_ln4-signature-dark-green.webp	image/webp
HAVE	200	3677	https://cdn.prod.website-files.com/67b5a02dc5d338960b17a7e9/67e968a40345883f8ccc1b05_ln4-lando-norris-text-mobile.svg	image/svg+xml
HAVE	200	518	https://cdn.prod.website-files.com/67b5a02dc5d338960b17a7e9/67eea130c0f25ef68ac8889e_ln4-helm-mob-refactor-lime-fill.svg	image/svg+xml
HAVE	200	2332	https://cdn.prod.website-files.com/67b5a02dc5d338960b17a7e9/67efc88c1939bc87931c2599_ln4-ln4-collab-logo-hilton.svg	image/svg+xml
HAVE	200	2718	https://cdn.prod.website-files.com/67b5a02dc5d338960b17a7e9/67efc88c532235956e5d267a_ln4-ln4-collab-logo-quadrant.svg	image/svg+xml
HAVE	200	1725	https://cdn.prod.website-files.com/67b5a02dc5d338960b17a7e9/67efc88cb3373daa7ba240d6_ln4-ln4-collab-logo-tumi.svg	image/svg+xml
HAVE	200	1710	https://cdn.prod.website-files.com/67b5a02dc5d338960b17a7e9/67efc88cf1d78e3e7624d5e3_ln4-ln4-collab-logo-ps4.svg	image/svg+xml
HAVE	200	1152	https://cdn.prod.website-files.com/67b5a02dc5d338960b17a7e9/67f517cdc5bb460c3c3b8e5b_ln4-LN-logo-svg.svg	image/svg+xml
HAVE	200	870	https://cdn.prod.website-files.com/67b5a02dc5d338960b17a7e9/680cbcfdbc4bdc0ef619369f_ln-icon-crossed-flags2.svg	image/svg+xml
HAVE	200	51230	https://cdn.prod.website-files.com/67b5a02dc5d338960b17a7e9/68302baa04b14a1ca33c0b25_ln-home-horiz-1.webp	image/webp
HAVE	200	32208	https://cdn.prod.website-files.com/67b5a02dc5d338960b17a7e9/68302baa14a96f3cdd2f9a95_ln-home-horiz-6.webp	image/webp
HAVE	200	16506	https://cdn.prod.website-files.com/67b5a02dc5d338960b17a7e9/68302baa798e2cc6e02ac38a_ln-home-horiz-4.webp	image/webp
HAVE	200	20665	https://cdn.prod.website-files.com/67b5a02dc5d338960b17a7e9/68302baab12220595c8223b3_ln-home-horiz-2.webp	image/webp
HAVE	200	27652	https://cdn.prod.website-files.com/67b5a02dc5d338960b17a7e9/68302baaedf821dd2e3a7c74_ln-home-horiz-8-p-800.webp	image/webp
HAVE	200	67308	https://cdn.prod.website-files.com/67b5a02dc5d338960b17a7e9/68302baaedf821dd2e3a7c74_ln-home-horiz-8.webp	image/webp
HAVE	200	6968	https://cdn.prod.website-files.com/67b5a02dc5d338960b17a7e9/68302bab3ee6e26b1f434a7d_ln-home-horiz-7.webp	image/webp
HAVE	200	18018	https://cdn.prod.website-files.com/67b5a02dc5d338960b17a7e9/68302bab4f762cdbc5e93415_ln-home-horiz-10.webp	image/webp
HAVE	200	54882	https://cdn.prod.website-files.com/67b5a02dc5d338960b17a7e9/68302babb87c5f19ec131093_ln-home-horiz-9.webp	image/webp
HAVE	200	38390	https://cdn.prod.website-files.com/67b5a02dc5d338960b17a7e9/68302babcf12f0111d96322e_ln-home-horiz-3-p-800.webp	image/webp
HAVE	200	84149	https://cdn.prod.website-files.com/67b5a02dc5d338960b17a7e9/68302babcf12f0111d96322e_ln-home-horiz-3.webp	image/webp
HAVE	200	425306	https://cdn.prod.website-files.com/67b5a02dc5d338960b17a7e9/68302ff5ff89a9a4afb8c19e_ln-home-helm-large.webp	image/webp
HAVE	200	49813	https://cdn.prod.website-files.com/67b5a02dc5d338960b17a7e9/6830302d0d1fe3e0522248a2_ln-social-img-3.webp	image/webp
HAVE	200	77969	https://cdn.prod.website-files.com/67b5a02dc5d338960b17a7e9/6830302d42237886d0c4b24c_ln-social-img-2.webp	image/webp
HAVE	200	24289	https://cdn.prod.website-files.com/67b5a02dc5d338960b17a7e9/6830302d6107aeb3b69a0414_ln-social-img-7.webp	image/webp
HAVE	200	45231	https://cdn.prod.website-files.com/67b5a02dc5d338960b17a7e9/6830302d6b85d54663a29a08_ln-social-img-5.webp	image/webp
HAVE	200	50250	https://cdn.prod.website-files.com/67b5a02dc5d338960b17a7e9/6830302dadd0727e6ac034dd_ln-social-img-6.webp	image/webp
HAVE	200	41485	https://cdn.prod.website-files.com/67b5a02dc5d338960b17a7e9/68303e09022941a1f11c719c_ln-podium-Miami%20GP%202024.webp	image/webp
HAVE	200	40538	https://cdn.prod.website-files.com/67b5a02dc5d338960b17a7e9/68303e0938be905268253fd8_ln-podium-Monaco%20GP%202021.webp	image/webp
HAVE	200	30457	https://cdn.prod.website-files.com/67b5a02dc5d338960b17a7e9/68303e094f762cdbc5f540d0_ln-podium-United%20States%20GP%202023.webp	image/webp
HAVE	200	39932	https://cdn.prod.website-files.com/67b5a02dc5d338960b17a7e9/68303e096f159710aa69162a_ln-podium-Dutch%20GP%202024.webp	image/webp
HAVE	200	149921	https://cdn.prod.website-files.com/67b5a02dc5d338960b17a7e9/68303e09745f01934455a83e_ln-podium-Emilia%20Romagna%20GP%202022.webp	image/webp
HAVE	200	42493	https://cdn.prod.website-files.com/67b5a02dc5d338960b17a7e9/68303e09a8ef4882167f5bd6_ln-podium-Australian%20GP%202025.webp	image/webp
HAVE	200	55790	https://cdn.prod.website-files.com/67b5a02dc5d338960b17a7e9/68303e09a8ef4882167f5bde_ln-podium-Lando%20Australia%202025-p-800.webp	image/webp
HAVE	200	56518	https://cdn.prod.website-files.com/67b5a02dc5d338960b17a7e9/68303e09a8ef4882167f5bde_ln-podium-Lando%20Australia%202025.webp	image/webp
HAVE	200	66096	https://cdn.prod.website-files.com/67b5a02dc5d338960b17a7e9/68303e09a8ef4882167f5bfd_ln-podium-Abu%20Dhabi%20GP%202024.webp	image/webp
HAVE	200	40869	https://cdn.prod.website-files.com/67b5a02dc5d338960b17a7e9/68303e09b41b74ad758a7f2e_ln-podium-Austrian%20GP%202020.webp	image/webp
HAVE	200	113381	https://cdn.prod.website-files.com/67b5a02dc5d338960b17a7e9/68303e09f8dd0a25893e615d_ln-podium-Singapore%20GP%202024.webp	image/webp
HAVE	200	20651	https://cdn.prod.website-files.com/67b5a02dc5d338960b17a7e9/68303e9014e85b90d9085ad4_ln-on-t-horiz-1.webp	image/webp
HAVE	200	30699	https://cdn.prod.website-files.com/67b5a02dc5d338960b17a7e9/68303e90745f0193445603af_ln-on-t-horiz-2.webp	image/webp
HAVE	200	34646	https://cdn.prod.website-files.com/67b5a02dc5d338960b17a7e9/68d3ba832675c25de8a8a3b5_Lando-3-off-track.webp	image/webp
HAVE	200	33912	https://cdn.prod.website-files.com/67b5a02dc5d338960b17a7e9/68d3ba83f162f4d2f4e78442_Lando-6-off-track-p-800.webp	image/webp
HAVE	200	48421	https://cdn.prod.website-files.com/67b5a02dc5d338960b17a7e9/68d3ba8463e72a95c2d8a0ba_Lando-4-off-track-p-800.webp	image/webp
HAVE	200	85526	https://cdn.prod.website-files.com/67b5a02dc5d338960b17a7e9/68d3ba846e593e52541fb7a8_Lando-6-on-track.webp	image/webp
HAVE	200	47500	https://cdn.prod.website-files.com/67b5a02dc5d338960b17a7e9/68d3ba84a9afe1bb21e662bc_Lando-2-off-track-p-800.webp	image/webp
HAVE	200	29108	https://cdn.prod.website-files.com/67b5a02dc5d338960b17a7e9/68da85d632bfefc552a0faac_Britain-25%20(1).webp	image/webp
HAVE	200	1297	https://cdn.prod.website-files.com/67b5a02dc5d338960b17a7e9/68dbd5d70a9e147b77952c0d_ln4-footer-logo-android.svg	image/svg+xml
HAVE	200	12331	https://cdn.prod.website-files.com/67b5a02dc5d338960b17a7e9/68dbd5d722f5ba2f4074cbe7_ln4-footer-logo-ralph-lauren.svg	image/svg+xml
HAVE	200	1357	https://cdn.prod.website-files.com/67b5a02dc5d338960b17a7e9/68dbd5d7361eb2ca03ba0929_ln4-footer-logo-google.svg	image/svg+xml
HAVE	200	2368	https://cdn.prod.website-files.com/67b5a02dc5d338960b17a7e9/68dbd5d74d2804b912ed1fcc_ln4-footer-logo-hilton.svg	image/svg+xml
HAVE	200	4855	https://cdn.prod.website-files.com/67b5a02dc5d338960b17a7e9/68dbd5d7564fc5a9fccf822f_ln4-footer-logo-pap.svg	image/svg+xml
HAVE	200	15163	https://cdn.prod.website-files.com/67b5a02dc5d338960b17a7e9/68dbd5d761eeca9060e00622_ln4-footer-logo-monster.svg	image/svg+xml
HAVE	200	374	https://cdn.prod.website-files.com/67b5a02dc5d338960b17a7e9/68ea48448e634fcc425b0e28_transp.webp	image/webp
HAVE	200	6099	https://cdn.prod.website-files.com/67b5a02dc5d338960b17a7e9/69458be7e4ccfdba84b69d27_lando-store-gold-1.webp	image/webp
HAVE	200	40770	https://cdn.prod.website-files.com/67b5a02dc5d338960b17a7e9/69458be7e803d4123abb47dd_lando-store-gold-5-p-800.webp	image/webp
HAVE	200	36861	https://cdn.prod.website-files.com/67b5a02dc5d338960b17a7e9/69458c78c9825ebb795d2e81_LN1-p-800.webp	image/webp
GAP	200	31735	https://cdn.prod.website-files.com/67b5a02dc5d338960b17a7e9/css/lando-offbrand.shared.5b4e934f7.css	text/css
HAVE	200	699	https://cdn.prod.website-files.com/67b5a02dc5d338960b17a7e9/js/lando-offbrand.751e0867.148dc658e77a3916.js	text/javascript
GAP	200	13061	https://cdn.prod.website-files.com/67b5a02dc5d338960b17a7e9/js/lando-offbrand.schunk.7321a5097fb66f41.js	text/javascript
HAVE	200	979	https://cdn.prod.website-files.com/67d97a68478fe87e30c67abe/67e02b32b0a9560a829bf11c_ln4-flag-Singapore.svg	image/svg+xml
HAVE	200	1820	https://cdn.prod.website-files.com/67d97a68478fe87e30c67abe/67e02b48c95ae0a662d55700_ln4-flag-USA.svg	image/svg+xml
HAVE	200	812	https://cdn.prod.website-files.com/67d97a68478fe87e30c67abe/67e02b520e635e4ebfc71a15_ln4-flag-China.svg	image/svg+xml
HAVE	200	479	https://cdn.prod.website-files.com/67d97a68478fe87e30c67abe/67e02b595cbde22c4828fc37_ln4-flag-Monaco.svg	image/svg+xml
HAVE	200	15223	https://cdn.prod.website-files.com/67d97a68478fe87e30c67abe/67e02b60ed90c1081e0d27f9_ln4-flag-Saudi-Arabia.svg	image/svg+xml
HAVE	200	637	https://cdn.prod.website-files.com/67d97a68478fe87e30c67abe/67e02b692a635bdc4c50a03f_ln4-flag-Netherlands.svg	image/svg+xml
HAVE	200	2444	https://cdn.prod.website-files.com/67d97a68478fe87e30c67abe/67e02b8f0b8b4f570a2af153_ln4-flag-Mexico.png	image/png
HAVE	200	2528	https://cdn.prod.website-files.com/67d97a68478fe87e30c67abe/67e02bccbdea44f6b2b79c78_ln4-flag-Spain.png	image/png
HAVE	200	649	https://cdn.prod.website-files.com/67d97a68478fe87e30c67abe/67e02c562400d3782e18c6c2_ln4-flag-Italy.svg	image/svg+xml
HAVE	200	808	https://cdn.prod.website-files.com/67d97a68478fe87e30c67abe/67e02c5d68e84cb0b53857b1_ln4-flag-UK.svg	image/svg+xml
HAVE	200	746	https://cdn.prod.website-files.com/67d97a68478fe87e30c67abe/67e02c63ce2c79cb6d5ad322_ln4-flag-Hungary.svg	image/svg+xml
HAVE	200	679	https://cdn.prod.website-files.com/67d97a68478fe87e30c67abe/67e02c6ac95ae0a662d65330_ln4-flag-Japan.svg	image/svg+xml
HAVE	200	564	https://cdn.prod.website-files.com/67d97a68478fe87e30c67abe/67e02c71cd46156653ca8316_ln4-flag-Qatar.svg	image/svg+xml
HAVE	200	1406	https://cdn.prod.website-files.com/67d97a68478fe87e30c67abe/67e02ca7bc20675ff4b811f7_ln4-flag-Australia.svg	image/svg+xml
HAVE	200	4258	https://cdn.prod.website-files.com/67d97a68478fe87e30c67abe/67e02cbb06a4f0bcad743e27_ln4-flag-Canada.svg	image/svg+xml
HAVE	200	2995	https://cdn.prod.website-files.com/67d97a68478fe87e30c67abe/67e02cca06a4f0bcad744855_ln4-flag-Brazil.png	image/png
HAVE	200	514	https://cdn.prod.website-files.com/67d97a68478fe87e30c67abe/67e02cd86e1c07f5f092911e_ln4-flag-Belgium.svg	image/svg+xml
HAVE	200	790	https://cdn.prod.website-files.com/67d97a68478fe87e30c67abe/67e02cdf22140410bbc1aa85_ln4-flag-Azerbaijan.svg	image/svg+xml
HAVE	200	653	https://cdn.prod.website-files.com/67d97a68478fe87e30c67abe/67e02ce70be011b4a7c0bf13_ln4-flag-Bahrain.svg	image/svg+xml
HAVE	200	478	https://cdn.prod.website-files.com/67d97a68478fe87e30c67abe/67e02cf25e4717ddaccf0e80_ln4-flag-Austria.svg	image/svg+xml
HAVE	200	646	https://cdn.prod.website-files.com/67d97a68478fe87e30c67abe/67e02cf7aefc55f749a2647d_ln4-flag-Abu-Dabi.svg	image/svg+xml
HAVE	200	1193	https://cdn.prod.website-files.com/67d97a68478fe87e30c67abe/67e6b9227e77bb6c6c720d09_singapore.svg	image/svg+xml
HAVE	200	597	https://cdn.prod.website-files.com/67d97a68478fe87e30c67abe/67e6b93bf4e8892026600422_shanghai.svg	image/svg+xml
HAVE	200	3143	https://cdn.prod.website-files.com/67d97a68478fe87e30c67abe/67e6b9428f35e69829405bf2_monaco.svg	image/svg+xml
HAVE	200	864	https://cdn.prod.website-files.com/67d97a68478fe87e30c67abe/67e6b95ed3d2262c4baf3b4f_miami.svg	image/svg+xml
HAVE	200	2085	https://cdn.prod.website-files.com/67d97a68478fe87e30c67abe/67e6b96ec0e262fb26980f54_melbourne.svg	image/svg+xml
HAVE	200	1442	https://cdn.prod.website-files.com/67d97a68478fe87e30c67abe/67e6b9a90045085496909902_mogyorod.svg	image/svg+xml
HAVE	200	3632	https://cdn.prod.website-files.com/67d97a68478fe87e30c67abe/67e6b9b0d1d5c369ef6e824a_silverstone.svg	image/svg+xml
HAVE	200	1004	https://cdn.prod.website-files.com/67d97a68478fe87e30c67abe/67e6b9e3705d1a50d024cefd_yas-marina.svg	image/svg+xml
HAVE	200	28340	https://cdn.prod.website-files.com/67d97a68478fe87e30c67abe/68305038652a87f86290bf3b_ln-helm-2021-base-p-800.webp	image/webp
HAVE	200	38809	https://cdn.prod.website-files.com/67d97a68478fe87e30c67abe/68305139c5020a27624aa793_In-helm-2019-base-p-800.webp	image/webp
HAVE	200	29086	https://cdn.prod.website-files.com/67d97a68478fe87e30c67abe/68305203f28384dcf8ef81cb_In-helm-2020-Silverstone-base-p-800.webp	image/webp
HAVE	200	47196	https://cdn.prod.website-files.com/67d97a68478fe87e30c67abe/683052a8a475dfa06075ca17_In-helm-2022-Basketball-base-p-800.webp	image/webp
HAVE	200	23448	https://cdn.prod.website-files.com/67d97a68478fe87e30c67abe/683053f61b468e794507c0a7_In-helm-2023-Beach%20Ball-base.webp	image/webp
HAVE	200	31276	https://cdn.prod.website-files.com/67d97a68478fe87e30c67abe/68305a153de4a824d397d21d_In-helm-2023-Chrome-base-p-800.webp	image/webp
HAVE	200	31833	https://cdn.prod.website-files.com/67d97a68478fe87e30c67abe/68305a2e3fccf71c6d71e5a8_In-helm-2023-Las%20Vegas-base-p-800.webp	image/webp
HAVE	200	51510	https://cdn.prod.website-files.com/67d97a68478fe87e30c67abe/68305a459178b78319e05b55_In-helm-2023-Race%20100-base-p-800.webp	image/webp
HAVE	200	36202	https://cdn.prod.website-files.com/67d97a68478fe87e30c67abe/68305a59417d51c0a58c32c6_In-helm-2024-DarkMode-base-p-800.webp	image/webp
HAVE	200	35424	https://cdn.prod.website-files.com/67d97a68478fe87e30c67abe/68305a7d4e96d5f8f44f7803_In-helm-2024-GIF%20Helmet-base-p-800.webp	image/webp
HAVE	200	46121	https://cdn.prod.website-files.com/67d97a68478fe87e30c67abe/68305a980c399022066600a6_In-helm-2024-Japan-base-p-800.webp	image/webp
HAVE	200	43457	https://cdn.prod.website-files.com/67d97a68478fe87e30c67abe/68305acf3fccf71c6d72607b_In-helm-2024-Porcelain-base-p-800.webp	image/webp
HAVE	200	37313	https://cdn.prod.website-files.com/67d97a68478fe87e30c67abe/68305aeac44aa40f7bda5460_In-helm-2024-Season-base.webp	image/webp
HAVE	200	49604	https://cdn.prod.website-files.com/67d97a68478fe87e30c67abe/68305aff4692de3e7ea12251_In-helm-2025-DarkGlitter-base-p-800.webp	image/webp
HAVE	200	39823	https://cdn.prod.website-files.com/67d97a68478fe87e30c67abe/68305b2259159e5170d2b923_In-helm-2025-Discoball-base-p-800.webp	image/webp
HAVE	200	42790	https://cdn.prod.website-files.com/67d97a68478fe87e30c67abe/68305b3e6c7ab86033cf172c_In-helm-2025-Season-base-p-800.webp	image/webp
HAVE	200	31110	https://d3e54v103j8qbb.cloudfront.net/js/jquery-3.5.1.min.dc5e7f18c8.js?site=67b5a02dc5d338960b17a7e9	application/javascript
HAVE	200	371545	https://lando.itsoffbrand.io/dev-js/lando.OFF+BRAND.gold-android-fix-03.js	text/javascript
HAVE	200	16249	https://lando.itsoffbrand.io/gl/basis/basis_transcoder.js	text/javascript
HAVE	200	246003	https://lando.itsoffbrand.io/gl/basis/basis_transcoder.wasm	application/wasm
HAVE	200	83502	https://lando.itsoffbrand.io/gl/draco/draco_decoder.wasm	application/wasm
HAVE	200	12125	https://lando.itsoffbrand.io/gl/draco/draco_wasm_wrapper.js	text/javascript
HAVE	200	117249	https://lando.itsoffbrand.io/gl/fonts/Brier-Bold-02.webp	image/webp
HAVE	200	5335	https://lando.itsoffbrand.io/gl/fonts/Brier-Bold-msdf.json	application/json
HAVE	200	25132	https://lando.itsoffbrand.io/gl/fonts/MonaSans-Bold-02.webp	image/webp
HAVE	200	1279	https://lando.itsoffbrand.io/gl/fonts/MonaSans-Bold-msdf.json	application/json
HAVE	200	176405	https://lando.itsoffbrand.io/gl/hdri/studio_small_08_1k--faded.hdr	
HAVE	200	387495	https://lando.itsoffbrand.io/gl/hdri/studio_small_08_1k--light.hdr	
HAVE	200	359666	https://lando.itsoffbrand.io/gl/models/disco-02.glb	model/gltf-binary
HAVE	200	139914	https://lando.itsoffbrand.io/gl/models/helmet-21.glb	model/gltf-binary
HAVE	200	464709	https://lando.itsoffbrand.io/gl/models/tracks/tracks-05.glb	model/gltf-binary
HAVE	200	91306	https://lando.itsoffbrand.io/gl/textures/glass/ktx2/Norris_Glass_mat_BaseColor.ktx2	
HAVE	200	39371	https://lando.itsoffbrand.io/gl/textures/glass/ktx2/Norris_Glass_mat_Metallic.ktx2	
HAVE	200	218079	https://lando.itsoffbrand.io/gl/textures/glass/ktx2/Norris_Glass_mat_Roughness.ktx2	
HAVE	200	44667	https://lando.itsoffbrand.io/gl/textures/glass/webp/Norris_Glass_mat_BaseColor.webp	image/webp
HAVE	200	15029	https://lando.itsoffbrand.io/gl/textures/glass/webp/Norris_Glass_mat_Metallic.webp	image/webp
HAVE	200	8593	https://lando.itsoffbrand.io/gl/textures/glass/webp/Norris_Glass_mat_Normal.webp	image/webp
HAVE	200	22185	https://lando.itsoffbrand.io/gl/textures/glass/webp/Norris_Glass_mat_Roughness.webp	image/webp
HAVE	200	172731	https://lando.itsoffbrand.io/gl/textures/head/ktx2/alpha.ktx2	
HAVE	200	66941	https://lando.itsoffbrand.io/gl/textures/head/ktx2/depth.ktx2	
HAVE	200	335619	https://lando.itsoffbrand.io/gl/textures/head/ktx2/diffuse.ktx2	
HAVE	200	322341	https://lando.itsoffbrand.io/gl/textures/head/ktx2/shadow-softer-edit.ktx2	
HAVE	200	320169	https://lando.itsoffbrand.io/gl/textures/head/ktx2/shadow.ktx2	
HAVE	200	39182	https://lando.itsoffbrand.io/gl/textures/head/webp/alpha.webp	image/webp
HAVE	200	3985	https://lando.itsoffbrand.io/gl/textures/head/webp/depth.webp	image/webp
HAVE	200	292702	https://lando.itsoffbrand.io/gl/textures/head/webp/diffuse.webp	image/webp
HAVE	200	150611	https://lando.itsoffbrand.io/gl/textures/head/webp/normal.webp	image/webp
HAVE	200	286374	https://lando.itsoffbrand.io/gl/textures/head/webp/shadow-softer-edit.webp	image/webp
HAVE	200	284298	https://lando.itsoffbrand.io/gl/textures/head/webp/shadow.webp	image/webp
HAVE	200	471521	https://lando.itsoffbrand.io/gl/textures/helmet/ktx2/disco/disco_mask-01.ktx2	
HAVE	200	96772	https://lando.itsoffbrand.io/gl/textures/helmet/ktx2/disco/Norris_Helmet_mat_BaseColor.ktx2	
HAVE	200	285247	https://lando.itsoffbrand.io/gl/textures/helmet/ktx2/gold/Norris_Helmet_mat_BaseColor.ktx2	
HAVE	200	66948	https://lando.itsoffbrand.io/gl/textures/helmet/ktx2/Norris_Helmet_mat_Metallic.ktx2	
HAVE	200	364916	https://lando.itsoffbrand.io/gl/textures/helmet/ktx2/Norris_Helmet_mat_Roughness.ktx2	
HAVE	200	101323	https://lando.itsoffbrand.io/gl/textures/helmet/webp/disco/disco_lens-flare-15.webp	image/webp
HAVE	200	75353	https://lando.itsoffbrand.io/gl/textures/helmet/webp/disco/disco_mask-01.webp	image/webp
HAVE	200	64932	https://lando.itsoffbrand.io/gl/textures/helmet/webp/disco/disco_matcap-01.webp	image/webp
HAVE	200	177601	https://lando.itsoffbrand.io/gl/textures/helmet/webp/disco/Norris_Helmet_mat_BaseColor.webp	image/webp
HAVE	200	322134	https://lando.itsoffbrand.io/gl/textures/helmet/webp/gold/Norris_Helmet_mat_BaseColor.webp	image/webp
HAVE	200	20770	https://lando.itsoffbrand.io/gl/textures/helmet/webp/Norris_Helmet_mat_Metallic.webp	image/webp
HAVE	200	65389	https://lando.itsoffbrand.io/gl/textures/helmet/webp/Norris_Helmet_mat_Normal.webp	image/webp
HAVE	200	25787	https://lando.itsoffbrand.io/gl/textures/helmet/webp/Norris_Helmet_mat_Roughness.webp	image/webp
HAVE	200	84709	https://lando.itsoffbrand.io/gl/textures/noise/noise-03.webp	image/webp
HAVE	200	6055	https://lando.itsoffbrand.io/gl/textures/not-found/webp/not-found-alpha-6.webp	image/webp
HAVE	200	66154	https://lando.itsoffbrand.io/gl/textures/plastic/plastic__matcap-02.webp	image/webp
HAVE	200	54330	https://lando.itsoffbrand.io/gl/textures/tracks/lando__matcap-02.webp	image/webp
HAVE	200	5799	https://lando.itsoffbrand.io/rive/page-transition.riv	
HAVE	200	44422	https://landonorris.com/	text/html
GAP	200	163881	https://landonorris.com/avljl2rk9q5pNjdiNWEwMmRjNWQzMzg5NjBiMTdhN2U5/7ZblqsTeeE5q7zjxhGjeEUmRx4o	application/javascript
HAVE	204	0	https://landonorris.com/avljl2rk9q5pNjdiNWEwMmRjNWQzMzg5NjBiMTdhN2U5/ga/g/c?v=2&tid=G-P8L2KTXDN0&gtm=45g92e68j0v9106588786za204zd9106588786&_p=1787331206371&gcd=13l3l3l3l1l1&npa=0&dma=0&gdid=dZGVlNj.dYWYxNW.dNzQzZD&_eu=EA&_uip=%3A%3A&are=1&cid=2098489331.1787331206&fp=1&frm=0&ir=1&ngs=1&pscdl=noapi&rcb=7&sr=1440x900&uaa=arm&uab=64&uafvl=Not%253DA%253FBrand%3B99.0.0.0%7CGoogle%2520Chrome%3B151.0.7922.173%7CChromium%3B151.0.7922.173&uam=&uamb=0&uap=macOS&uapv=26.6.2&uaw=0&ul=en-us&ur=US-CA&_gsid=_3PQCFVl2GHqQHwGgyVqk8Icc4IF8Ac5Jw&_s=1&tag_exp=115938465~115938468~118897920~118897930~119367802~119367810~120315471~120385423&sid=1787331206&sct=1&seg=0&dl=https%3A%2F%2Flandonorris.com%2F&dt=McLaren%20Formula%201%20Driver%20%E2%80%94%20Lando%20Norris&en=page_view&_fv=1&_nsi=1&_ss=1&_ee=1&gap.gtb=1&tfd=2639	text/plain
HAVE	204	0	https://landonorris.com/avljl2rk9q5pNjdiNWEwMmRjNWQzMzg5NjBiMTdhN2U5/ga/g/c?v=2&tid=G-P8L2KTXDN0&gtm=45g92e68j0v9106588786za204zd9106588786&_p=1787331237983&gcd=13l3l3l3l1l1&npa=0&dma=0&gdid=dZGVlNj.dYWYxNW.dNzQzZD&_eu=EAAAAAQ&_uip=%3A%3A&are=1&cid=2098489331.1787331206&fp=1&frm=0&ir=1&ngs=1&pscdl=noapi&rcb=3&sr=1440x900&uaa=arm&uab=64&uafvl=Not%253DA%253FBrand%3B99.0.0.0%7CGoogle%2520Chrome%3B151.0.7922.173%7CChromium%3B151.0.7922.173&uam=&uamb=0&uap=macOS&uapv=26.6.2&uaw=0&ul=en-us&ur=US-CA&_gsid=_3PQCFVl2GHqQHwGgyVqk8Icc4IF8Ac5Jw&_s=1&tag_exp=115616986~115938466~115938468~118897920~118897930~119367802~119367810~119791749~119793972~120315471~120385423~120412528&sid=1787331206&sct=1&seg=1&dl=https%3A%2F%2Flandonorris.com%2Fcalendar&dt=2026%20F1%20Calendar%20%E2%80%93%20Race%20Dates%2C%20Sessions%20%26%20Results%20%E2%80%93%20Lando%20Norris&en=page_view&_ee=1&gap.gtb=2&tfd=6827	text/plain
HAVE	204	0	https://landonorris.com/avljl2rk9q5pNjdiNWEwMmRjNWQzMzg5NjBiMTdhN2U5/ga/g/c?v=2&tid=G-P8L2KTXDN0&gtm=45g92e68j0v9106588786za204zd9106588786&_p=1787331268401&gcd=13l3l3l3l1l1&npa=0&dma=0&gdid=dZGVlNj.dYWYxNW.dNzQzZD&_eu=EAAAAAQ&_uip=%3A%3A&are=1&cid=2098489331.1787331206&fp=1&frm=0&ir=1&ngs=1&pscdl=noapi&rcb=16&sr=1440x900&uaa=arm&uab=64&uafvl=Not%253DA%253FBrand%3B99.0.0.0%7CGoogle%2520Chrome%3B151.0.7922.173%7CChromium%3B151.0.7922.173&uam=&uamb=0&uap=macOS&uapv=26.6.2&uaw=0&ul=en-us&ur=US-CA&_gsid=_3PQCFVl2GHqQHwGgyVqk8Icc4IF8Ac5Jw&_s=1&tag_exp=115938466~115938469~118897920~118897930~119367802~119367810~120315471~120385423&sid=1787331206&sct=1&seg=1&dl=https%3A%2F%2Flandonorris.com%2Fon-track&dt=On-Track%20%E2%80%93%20Live%20F1%20Results%2C%20Stats%20%26%20Career%20Wins%20%E2%80%93%20Lando%20Norris&en=page_view&_ee=1&gap.gtb=2&tfd=5684	text/plain
HAVE	204	0	https://landonorris.com/avljl2rk9q5pNjdiNWEwMmRjNWQzMzg5NjBiMTdhN2U5/ga/g/c?v=2&tid=G-P8L2KTXDN0&gtm=45g92e68j0v9106588786za204zd9106588786&_p=1787331362240&gcd=13l3l3l3l1l1&npa=0&dma=0&gdid=dZGVlNj.dYWYxNW.dNzQzZD&_eu=EAAAAAQ&_uip=%3A%3A&are=1&cid=2098489331.1787331206&fp=1&frm=0&ir=1&ngs=1&pscdl=noapi&rcb=7&sr=1440x900&uaa=arm&uab=64&uafvl=Not%253DA%253FBrand%3B99.0.0.0%7CGoogle%2520Chrome%3B151.0.7922.173%7CChromium%3B151.0.7922.173&uam=&uamb=0&uap=macOS&uapv=26.6.2&uaw=0&ul=en-us&ur=US-CA&_gsid=_3PQCFVl2GHqQHwGgyVqk8Icc4IF8Ac5Jw&_s=1&tag_exp=115616985~115938465~115938468~118897920~118897930~119367802~119367810~120315471~120385422&sid=1787331206&sct=1&seg=1&dl=https%3A%2F%2Flandonorris.com%2Flegal%2Fprivacy-policy&dt=Privacy%20Policy%20%7C%20Lando%20Norris&en=page_view&_ee=1&gap.gtb=2&tfd=5716	text/plain
HAVE	204	0	https://landonorris.com/avljl2rk9q5pNjdiNWEwMmRjNWQzMzg5NjBiMTdhN2U5/ga/g/c?v=2&tid=G-P8L2KTXDN0&gtm=45g92e68j0v9106588786za204zd9106588786&_p=1787331362240&gcd=13l3l3l3l1l1&npa=0&dma=0&gdid=dZGVlNj.dYWYxNW.dNzQzZD&_eu=EEAAAAQ&_uip=%3A%3A&ae=a&are=1&cid=2098489331.1787331206&fp=1&frm=0&ir=1&ngs=1&pscdl=noapi&rcb=7&sr=1440x900&uaa=arm&uab=64&uafvl=Not%253DA%253FBrand%3B99.0.0.0%7CGoogle%2520Chrome%3B151.0.7922.173%7CChromium%3B151.0.7922.173&uam=&uamb=0&uap=macOS&uapv=26.6.2&uaw=0&ul=en-us&ur=US-CA&_gsid=_3PQCFVl2GHqQHwGgyVqk8Icc4IF8Ac5Jw&_s=2&tag_exp=115616985~115938465~115938468~118897920~118897930~119367802~119367810~120315471~120385422&sid=1787331206&sct=1&seg=1&dl=https%3A%2F%2Flandonorris.com%2Flegal%2Fprivacy-policy&dt=Privacy%20Policy%20%7C%20Lando%20Norris&en=scroll&gap.gtb=2&epn.percent_scrolled=90&_et=10986&tfd=16702	text/plain
HAVE	204	0	https://landonorris.com/avljl2rk9q5pNjdiNWEwMmRjNWQzMzg5NjBiMTdhN2U5/ga/g/c?v=2&tid=G-P8L2KTXDN0&gtm=45g92e68j0v9106588786za204zd9106588786&_p=1787331393437&gcd=13l3l3l3l1l1&npa=0&dma=0&gdid=dZGVlNj.dYWYxNW.dNzQzZD&_eu=EAAAAAQ&_uip=%3A%3A&are=1&cid=2098489331.1787331206&fp=1&frm=0&ir=1&ngs=1&pscdl=noapi&rcb=17&sr=1440x900&uaa=arm&uab=64&uafvl=Not%253DA%253FBrand%3B99.0.0.0%7CGoogle%2520Chrome%3B151.0.7922.173%7CChromium%3B151.0.7922.173&uam=&uamb=0&uap=macOS&uapv=26.6.2&uaw=0&ul=en-us&ur=US-CA&_gsid=_3PQCFVl2GHqQHwGgyVqk8Icc4IF8Ac5Jw&_s=1&tag_exp=115938465~115938469~118897920~118897930~119367802~119367810~120315471~120385422&sid=1787331206&sct=1&seg=1&dl=https%3A%2F%2Flandonorris.com%2Flegal%2Fterms-conditions&dt=Terms%20%26%20Conditions%20%7C%20Lando%20Norris&en=page_view&_ee=1&gap.gtb=2&tfd=5534	text/plain
HAVE	204	0	https://landonorris.com/avljl2rk9q5pNjdiNWEwMmRjNWQzMzg5NjBiMTdhN2U5/ga/g/c?v=2&tid=G-P8L2KTXDN0&gtm=45g92e68j0v9106588786za204zd9106588786&_p=1787331393437&gcd=13l3l3l3l1l1&npa=0&dma=0&gdid=dZGVlNj.dYWYxNW.dNzQzZD&_eu=EEAAAAQ&_uip=%3A%3A&ae=a&are=1&cid=2098489331.1787331206&fp=1&frm=0&ir=1&ngs=1&pscdl=noapi&rcb=17&sr=1440x900&uaa=arm&uab=64&uafvl=Not%253DA%253FBrand%3B99.0.0.0%7CGoogle%2520Chrome%3B151.0.7922.173%7CChromium%3B151.0.7922.173&uam=&uamb=0&uap=macOS&uapv=26.6.2&uaw=0&ul=en-us&ur=US-CA&_gsid=_3PQCFVl2GHqQHwGgyVqk8Icc4IF8Ac5Jw&_s=2&tag_exp=115938465~115938469~118897920~118897930~119367802~119367810~120315471~120385422&sid=1787331206&sct=1&seg=1&dl=https%3A%2F%2Flandonorris.com%2Flegal%2Fterms-conditions&dt=Terms%20%26%20Conditions%20%7C%20Lando%20Norris&en=scroll&gap.gtb=2&epn.percent_scrolled=90&_et=23297&tfd=28832	text/plain
HAVE	204	0	https://landonorris.com/avljl2rk9q5pNjdiNWEwMmRjNWQzMzg5NjBiMTdhN2U5/ga/g/c?v=2&tid=G-P8L2KTXDN0&gtm=45g92e68j0v9106588786za204zd9106588786&_p=1787331424739&gcd=13l3l3l3l1l1&npa=0&dma=0&gdid=dZGVlNj.dYWYxNW.dNzQzZD&_eu=EAAAAAQ&_uip=%3A%3A&are=1&cid=2098489331.1787331206&fp=1&frm=0&ir=1&ngs=1&pscdl=noapi&rcb=9&sr=390x844&uaa=arm&uab=64&uafvl=Not%253DA%253FBrand%3B99.0.0.0%7CGoogle%2520Chrome%3B151.0.7922.173%7CChromium%3B151.0.7922.173&uam=&uamb=0&uap=macOS&uapv=26.6.2&uaw=0&ul=en-us&ur=US-CA&_gsid=_3PQCFVl2GHqQHwGgyVqk8Icc4IF8Ac5Jw&_s=1&tag_exp=115938466~115938469~118897920~118897930~119367802~119367810~120315470~120385423&sid=1787331206&sct=1&seg=1&dl=https%3A%2F%2Flandonorris.com%2F&dt=McLaren%20Formula%201%20Driver%20%E2%80%94%20Lando%20Norris&en=page_view&_ee=1&gap.gtb=2&tfd=5572	text/plain
HAVE	204	0	https://landonorris.com/avljl2rk9q5pNjdiNWEwMmRjNWQzMzg5NjBiMTdhN2U5/ga/g/c?v=2&tid=G-P8L2KTXDN0&gtm=45g92e68j0v9106588786za204zd9106588786&_p=1787331455811&gcd=13l3l3l3l1l1&npa=0&dma=0&gdid=dZGVlNj.dYWYxNW.dNzQzZD&_eu=EAAAAAQ&_uip=%3A%3A&are=1&cid=2098489331.1787331206&fp=1&frm=0&ir=1&ngs=1&pscdl=noapi&rcb=7&sr=390x844&uaa=arm&uab=64&uafvl=Not%253DA%253FBrand%3B99.0.0.0%7CGoogle%2520Chrome%3B151.0.7922.173%7CChromium%3B151.0.7922.173&uam=&uamb=0&uap=macOS&uapv=26.6.2&uaw=0&ul=en-us&ur=US-CA&_gsid=_3PQCFVl2GHqQHwGgyVqk8Icc4IF8Ac5Jw&_s=1&tag_exp=115938465~115938469~118897920~118897930~119367802~119367810~120315471~120385422&sid=1787331206&sct=1&seg=1&dl=https%3A%2F%2Flandonorris.com%2Fcalendar&dt=2026%20F1%20Calendar%20%E2%80%93%20Race%20Dates%2C%20Sessions%20%26%20Results%20%E2%80%93%20Lando%20Norris&en=page_view&_ee=1&gap.gtb=2&tfd=5642	text/plain
HAVE	204	0	https://landonorris.com/avljl2rk9q5pNjdiNWEwMmRjNWQzMzg5NjBiMTdhN2U5/ga/g/c?v=2&tid=G-P8L2KTXDN0&gtm=45g92e68j0v9106588786za204zd9106588786&_p=1787331455811&gcd=13l3l3l3l1l1&npa=0&dma=0&gdid=dZGVlNj.dYWYxNW.dNzQzZD&_eu=EEAAAAQ&_uip=%3A%3A&ae=a&are=1&cid=2098489331.1787331206&fp=1&frm=0&ir=1&ngs=1&pscdl=noapi&rcb=7&sr=390x844&uaa=arm&uab=64&uafvl=Not%253DA%253FBrand%3B99.0.0.0%7CGoogle%2520Chrome%3B151.0.7922.173%7CChromium%3B151.0.7922.173&uam=&uamb=0&uap=macOS&uapv=26.6.2&uaw=0&ul=en-us&ur=US-CA&_gsid=_3PQCFVl2GHqQHwGgyVqk8Icc4IF8Ac5Jw&_s=2&tag_exp=115938465~115938469~118897920~118897930~119367802~119367810~120315471~120385422&sid=1787331206&sct=1&seg=1&dl=https%3A%2F%2Flandonorris.com%2Fcalendar&dt=2026%20F1%20Calendar%20%E2%80%93%20Race%20Dates%2C%20Sessions%20%26%20Results%20%E2%80%93%20Lando%20Norris&en=scroll&gap.gtb=2&epn.percent_scrolled=90&_et=20194&tfd=25834	text/plain
HAVE	204	0	https://landonorris.com/avljl2rk9q5pNjdiNWEwMmRjNWQzMzg5NjBiMTdhN2U5/ga/g/c?v=2&tid=G-P8L2KTXDN0&gtm=45g92e68j0v9106588786za204zd9106588786&_p=1787331487023&gcd=13l3l3l3l1l1&npa=0&dma=0&gdid=dZGVlNj.dYWYxNW.dNzQzZD&_eu=EAAAAAQ&_uip=%3A%3A&are=1&cid=2098489331.1787331206&fp=1&frm=0&ir=1&ngs=1&pscdl=noapi&rcb=15&sr=390x844&uaa=arm&uab=64&uafvl=Not%253DA%253FBrand%3B99.0.0.0%7CGoogle%2520Chrome%3B151.0.7922.173%7CChromium%3B151.0.7922.173&uam=&uamb=0&uap=macOS&uapv=26.6.2&uaw=0&ul=en-us&ur=US-CA&_gsid=_3PQCFVl2GHqQHwGgyVqk8Icc4IF8Ac5Jw&_s=1&tag_exp=115938466~115938469~118897920~118897930~119367802~119367810~120315471~120385423&sid=1787331206&sct=1&seg=1&dl=https%3A%2F%2Flandonorris.com%2Fon-track&dt=On-Track%20%E2%80%93%20Live%20F1%20Results%2C%20Stats%20%26%20Career%20Wins%20%E2%80%93%20Lando%20Norris&en=page_view&_ee=1&gap.gtb=2&tfd=5574	text/plain
HAVE	204	0	https://landonorris.com/avljl2rk9q5pNjdiNWEwMmRjNWQzMzg5NjBiMTdhN2U5/ga/g/c?v=2&tid=G-P8L2KTXDN0&gtm=45g92e68j0v9106588786za204zd9106588786&_p=1787331518292&gcd=13l3l3l3l1l1&npa=0&dma=0&gdid=dZGVlNj.dYWYxNW.dNzQzZD&_eu=EAAAAAQ&_uip=%3A%3A&are=1&cid=2098489331.1787331206&fp=1&frm=0&ir=1&ngs=1&pscdl=noapi&rcb=5&sr=390x844&uaa=arm&uab=64&uafvl=Not%253DA%253FBrand%3B99.0.0.0%7CGoogle%2520Chrome%3B151.0.7922.173%7CChromium%3B151.0.7922.173&uam=&uamb=0&uap=macOS&uapv=26.6.2&uaw=0&ul=en-us&ur=US-CA&_gsid=_3PQCFVl2GHqQHwGgyVqk8Icc4IF8Ac5Jw&_s=1&tag_exp=115938465~115938469~118897920~118897930~119367802~119367810~120315471~120385422~120420416&sid=1787331206&sct=1&seg=1&dl=https%3A%2F%2Flandonorris.com%2Foff-track&dt=Off-Track%20%E2%80%93%20Lifestyle%2C%20Gaming%20%26%20Personal%20Projects%20%E2%80%93%20Lando%20Norris&en=page_view&_ee=1&gap.gtb=2&tfd=5614	text/plain
HAVE	204	0	https://landonorris.com/avljl2rk9q5pNjdiNWEwMmRjNWQzMzg5NjBiMTdhN2U5/ga/g/c?v=2&tid=G-P8L2KTXDN0&gtm=45g92e68j0v9106588786za204zd9106588786&_p=1787331580721&gcd=13l3l3l3l1l1&npa=0&dma=0&gdid=dZGVlNj.dYWYxNW.dNzQzZD&_eu=EAAAAAQ&_uip=%3A%3A&are=1&cid=2098489331.1787331206&fp=1&frm=0&ir=1&ngs=1&pscdl=noapi&rcb=4&sr=390x844&uaa=arm&uab=64&uafvl=Not%253DA%253FBrand%3B99.0.0.0%7CGoogle%2520Chrome%3B151.0.7922.173%7CChromium%3B151.0.7922.173&uam=&uamb=0&uap=macOS&uapv=26.6.2&uaw=0&ul=en-us&ur=US-CA&_gsid=_3PQCFVl2GHqQHwGgyVqk8Icc4IF8Ac5Jw&_s=1&tag_exp=115616985~115938465~115938469~118897920~118897930~119367802~119367810~120315471~120385422&sid=1787331206&sct=1&seg=1&dl=https%3A%2F%2Flandonorris.com%2Flegal%2Fprivacy-policy&dt=Privacy%20Policy%20%7C%20Lando%20Norris&en=page_view&_ee=1&gap.gtb=2&tfd=607	text/plain
HAVE	204	0	https://landonorris.com/avljl2rk9q5pNjdiNWEwMmRjNWQzMzg5NjBiMTdhN2U5/ga/g/c?v=2&tid=G-P8L2KTXDN0&gtm=45g92e68j0v9106588786za204zd9106588786&_p=1787331580721&gcd=13l3l3l3l1l1&npa=0&dma=0&gdid=dZGVlNj.dYWYxNW.dNzQzZD&_eu=EEAAAAQ&_uip=%3A%3A&ae=a&are=1&cid=2098489331.1787331206&fp=1&frm=0&ir=1&ngs=1&pscdl=noapi&rcb=4&sr=390x844&uaa=arm&uab=64&uafvl=Not%253DA%253FBrand%3B99.0.0.0%7CGoogle%2520Chrome%3B151.0.7922.173%7CChromium%3B151.0.7922.173&uam=&uamb=0&uap=macOS&uapv=26.6.2&uaw=0&ul=en-us&ur=US-CA&_gsid=_3PQCFVl2GHqQHwGgyVqk8Icc4IF8Ac5Jw&_s=2&tag_exp=115616985~115938465~115938469~118897920~118897930~119367802~119367810~120315471~120385422&sid=1787331206&sct=1&seg=1&dl=https%3A%2F%2Flandonorris.com%2Flegal%2Fprivacy-policy&dt=Privacy%20Policy%20%7C%20Lando%20Norris&en=scroll&gap.gtb=2&epn.percent_scrolled=90&_et=1&tfd=5610	text/plain
HAVE	204	0	https://landonorris.com/avljl2rk9q5pNjdiNWEwMmRjNWQzMzg5NjBiMTdhN2U5/ga/g/c?v=2&tid=G-P8L2KTXDN0&gtm=45g92e68j0v9106588786za204zd9106588786&_p=1787331611851&gcd=13l3l3l3l1l1&npa=0&dma=0&gdid=dZGVlNj.dYWYxNW.dNzQzZD&_eu=EAAAAAQ&_uip=%3A%3A&are=1&cid=2098489331.1787331206&fp=1&frm=0&ir=1&ngs=1&pscdl=noapi&rcb=5&sr=390x844&uaa=arm&uab=64&uafvl=Not%253DA%253FBrand%3B99.0.0.0%7CGoogle%2520Chrome%3B151.0.7922.173%7CChromium%3B151.0.7922.173&uam=&uamb=0&uap=macOS&uapv=26.6.2&uaw=0&ul=en-us&ur=US-CA&_gsid=_3PQCFVl2GHqQHwGgyVqk8Icc4IF8Ac5Jw&_s=1&tag_exp=115938466~115938469~118012009~118897920~118897930~119367802~119367810~120315470~120385422&sid=1787331206&sct=1&seg=1&dl=https%3A%2F%2Flandonorris.com%2Flegal%2Fterms-conditions&dt=Terms%20%26%20Conditions%20%7C%20Lando%20Norris&en=page_view&_ee=1&gap.gtb=2&tfd=5643	text/plain
HAVE	204	0	https://landonorris.com/avljl2rk9q5pNjdiNWEwMmRjNWQzMzg5NjBiMTdhN2U5/ga/g/c?v=2&tid=G-P8L2KTXDN0&gtm=45g92e68j1h2v9106588786za204zd9106588786&_p=1787331300441&gcd=13l3l3l3l1l1&npa=0&dma=0&gdid=dZGVlNj.dYWYxNW.dNzQzZD&_eu=EAAAAAQ&_uip=%3A%3A&are=1&cid=2098489331.1787331206&fp=1&frm=0&ir=1&ngs=1&pscdl=noapi&rcb=19&sr=1440x900&uaa=arm&uab=64&uafvl=Not%253DA%253FBrand%3B99.0.0.0%7CGoogle%2520Chrome%3B151.0.7922.173%7CChromium%3B151.0.7922.173&uam=&uamb=0&uap=macOS&uapv=26.6.2&uaw=0&ul=en-us&ur=US-CA&_gsid=_3PQCFVl2GHqQHwGgyVqk8Icc4IF8Ac5Jw&_s=1&tag_exp=115938466~115938469~118897920~118897930~119367802~119367810~120315470~120385423&sid=1787331206&sct=1&seg=1&dl=https%3A%2F%2Flandonorris.com%2Foff-track&dt=Off-Track%20%E2%80%93%20Lifestyle%2C%20Gaming%20%26%20Personal%20Projects%20%E2%80%93%20Lando%20Norris&en=page_view&_ee=1&gap.gtb=2&tfd=6338	text/plain
HAVE	200	73937	https://landonorris.com/calendar	text/html
HAVE	404	49797	https://landonorris.com/images/site/icons/owner.png	text/html
HAVE	200	27023	https://landonorris.com/legal/privacy-policy	text/html
HAVE	200	30667	https://landonorris.com/legal/terms-conditions	text/html
GAP	200	163814	https://landonorris.com/nvhc9u4gxsagNjdiNWEwMmRjNWQzMzg5NjBiMTdhN2U5/Cfd3dFR423I13UX8BGRslFKw2jo	application/javascript
HAVE	204	0	https://landonorris.com/nvhc9u4gxsagNjdiNWEwMmRjNWQzMzg5NjBiMTdhN2U5/ga/g/c?v=2&tid=G-P8L2KTXDN0&gtm=45g92e68j0v9106588786za204zd9106588786&_p=1787331331613&gcd=13l3l3l3l1l1&npa=0&dma=0&gdid=dZGVlNj.dYWYxNW.dNzQzZD&_eu=EAAAAAQ&_uip=%3A%3A&are=1&cid=2098489331.1787331206&fp=1&frm=0&ir=1&ngs=1&pscdl=noapi&rcb=7&sr=1440x900&uaa=arm&uab=64&uafvl=Not%253DA%253FBrand%3B99.0.0.0%7CGoogle%2520Chrome%3B151.0.7922.173%7CChromium%3B151.0.7922.173&uam=&uamb=0&uap=macOS&uapv=26.6.2&uaw=0&ul=en-us&ur=US-CA&_gsid=_3PQCFVl2GHqQHwGgyVqk8Icc4IF8Ac5Jw&_s=1&tag_exp=115938465~115938468~118897920~118897930~119367802~119367810~120315470~120385422&sid=1787331206&sct=1&seg=1&dl=https%3A%2F%2Flandonorris.com%2Fpartnerships&dt=Not%20Found&en=page_view&_ee=1&gap.gtb=2&tfd=1310	text/plain
HAVE	204	0	https://landonorris.com/nvhc9u4gxsagNjdiNWEwMmRjNWQzMzg5NjBiMTdhN2U5/ga/g/c?v=2&tid=G-P8L2KTXDN0&gtm=45g92e68j0v9106588786za204zd9106588786&_p=1787331331613&gcd=13l3l3l3l1l1&npa=0&dma=0&gdid=dZGVlNj.dYWYxNW.dNzQzZD&_eu=EEAAAAQ&_uip=%3A%3A&ae=a&are=1&cid=2098489331.1787331206&fp=1&frm=0&ir=1&ngs=1&pscdl=noapi&rcb=7&sr=1440x900&uaa=arm&uab=64&uafvl=Not%253DA%253FBrand%3B99.0.0.0%7CGoogle%2520Chrome%3B151.0.7922.173%7CChromium%3B151.0.7922.173&uam=&uamb=0&uap=macOS&uapv=26.6.2&uaw=0&ul=en-us&ur=US-CA&_gsid=_3PQCFVl2GHqQHwGgyVqk8Icc4IF8Ac5Jw&_s=2&tag_exp=115938465~115938468~118897920~118897930~119367802~119367810~120315470~120385422&sid=1787331206&sct=1&seg=1&dl=https%3A%2F%2Flandonorris.com%2Fpartnerships&dt=Not%20Found&en=scroll&gap.gtb=2&epn.percent_scrolled=90&_et=4&tfd=6313	text/plain
HAVE	204	0	https://landonorris.com/nvhc9u4gxsagNjdiNWEwMmRjNWQzMzg5NjBiMTdhN2U5/ga/g/c?v=2&tid=G-P8L2KTXDN0&gtm=45g92e68j0v9106588786za204zd9106588786&_p=1787331549526&gcd=13l3l3l3l1l1&npa=0&dma=0&gdid=dZGVlNj.dYWYxNW.dNzQzZD&_eu=EAAAAAQ&_uip=%3A%3A&are=1&cid=2098489331.1787331206&fp=1&frm=0&ir=1&ngs=1&pscdl=noapi&rcb=9&sr=390x844&uaa=arm&uab=64&uafvl=Not%253DA%253FBrand%3B99.0.0.0%7CGoogle%2520Chrome%3B151.0.7922.173%7CChromium%3B151.0.7922.173&uam=&uamb=0&uap=macOS&uapv=26.6.2&uaw=0&ul=en-us&ur=US-CA&_gsid=_3PQCFVl2GHqQHwGgyVqk8Icc4IF8Ac5Jw&_s=1&tag_exp=115938466~115938469~118897920~118897930~119367802~119367810~120315471~120385423~120476659&sid=1787331206&sct=1&seg=1&dl=https%3A%2F%2Flandonorris.com%2Fpartnerships&dt=Not%20Found&en=page_view&_ee=1&gap.gtb=2&tfd=667	text/plain
HAVE	204	0	https://landonorris.com/nvhc9u4gxsagNjdiNWEwMmRjNWQzMzg5NjBiMTdhN2U5/ga/g/c?v=2&tid=G-P8L2KTXDN0&gtm=45g92e68j0v9106588786za204zd9106588786&_p=1787331549526&gcd=13l3l3l3l1l1&npa=0&dma=0&gdid=dZGVlNj.dYWYxNW.dNzQzZD&_eu=EEAAAAQ&_uip=%3A%3A&ae=a&are=1&cid=2098489331.1787331206&fp=1&frm=0&ir=1&ngs=1&pscdl=noapi&rcb=9&sr=390x844&uaa=arm&uab=64&uafvl=Not%253DA%253FBrand%3B99.0.0.0%7CGoogle%2520Chrome%3B151.0.7922.173%7CChromium%3B151.0.7922.173&uam=&uamb=0&uap=macOS&uapv=26.6.2&uaw=0&ul=en-us&ur=US-CA&_gsid=_3PQCFVl2GHqQHwGgyVqk8Icc4IF8Ac5Jw&_s=2&tag_exp=115938466~115938469~118897920~118897930~119367802~119367810~120315471~120385423~120476659&sid=1787331206&sct=1&seg=1&dl=https%3A%2F%2Flandonorris.com%2Fpartnerships&dt=Not%20Found&en=scroll&gap.gtb=2&epn.percent_scrolled=90&_et=3&tfd=5669	text/plain
HAVE	200	32101	https://landonorris.com/off-track	text/html
HAVE	200	53983	https://landonorris.com/on-track	text/html
HAVE	404	20399	https://landonorris.com/partnerships	text/html
HAVE	200	203743	https://unpkg.com/@rive-app/canvas-lite@2.26.4/rive.wasm	application/wasm
